{
  "name": "Trader Joe Limit Orders",
  "logoURI": "https://raw.githubusercontent.com/traderjoe-xyz/joe-tokenlists/main/logos/0xB31f66AA3C1e785363F0875A1B74E27b85FD66c7/logo.png",
  "keywords": [
    "avalanche",
    "arbitrum",
    "trader joe"
  ],
  "version": {
    "major": 1,
    "minor": 0,
    "patch": 0
  },
  "pairs": [
    {
      "chainId": 43114,
      "name": "AVAX-USDC",
      "tokenX": {
        "chainId": 43114,
        "address": "0xB31f66AA3C1e785363F0875A1B74E27b85FD66c7",
        "decimals": 18,
        "symbol": "WAVAX",
        "logoURI": "https://raw.githubusercontent.com/traderjoe-xyz/joe-tokenlists/main/logos/0xd00ae08403B9bbb9124bB305C09058E32C39A48c/logo.png"
      },
      "tokenY": {
        "chainId": 43114,
        "address": "0xB97EF9Ef8734C71904D8002F8b6Bc66Dd9c48a6E",
        "decimals": 6,
        "symbol": "USDC",
        "logoURI": "https://raw.githubusercontent.com/traderjoe-xyz/joe-tokenlists/main/logos/0xB97EF9Ef8734C71904D8002F8b6Bc66Dd9c48a6E/logo.png"
      }
    },
    {
      "chainId": 43114,
      "name": "WETH.e-AVAX",
      "tokenX": {
        "chainId": 43114,
        "address": "0x49D5c2BdFfac6CE2BFdB6640F4F80f226bc10bAB",
        "decimals": 18,
        "symbol": "WETH.e",
        "logoURI": "https://raw.githubusercontent.com/traderjoe-xyz/joe-tokenlists/main/logos/0x49D5c2BdFfac6CE2BFdB6640F4F80f226bc10bAB/logo.png"
      },
      "tokenY": {
        "chainId": 43114,
        "address": "0xB31f66AA3C1e785363F0875A1B74E27b85FD66c7",
        "decimals": 18,
        "symbol": "WAVAX",
        "logoURI": "https://raw.githubusercontent.com/traderjoe-xyz/joe-tokenlists/main/logos/0xd00ae08403B9bbb9124bB305C09058E32C39A48c/logo.png"
      }
    },
    {
      "chainId": 43114,
      "name": "BTC.b-AVAX",
      "tokenX": {
        "chainId": 43114,
        "address": "0x152b9d0FdC40C096757F570A51E494bd4b943E50",
        "decimals": 8,
        "symbol": "BTC.b",
        "logoURI": "https://raw.githubusercontent.com/traderjoe-xyz/joe-tokenlists/main/logos/0x152b9d0FdC40C096757F570A51E494bd4b943E50/logo.png"
      },
      "tokenY": {
        "chainId": 43114,
        "address": "0xB31f66AA3C1e785363F0875A1B74E27b85FD66c7",
        "decimals": 18,
        "symbol": "WAVAX",
        "logoURI": "https://raw.githubusercontent.com/traderjoe-xyz/joe-tokenlists/main/logos/0xd00ae08403B9bbb9124bB305C09058E32C39A48c/logo.png"
      }
    },
    {
      "chainId": 43114,
      "name": "AVAX-USDT",
      "tokenX": {
        "chainId": 43114,
        "address": "0xB31f66AA3C1e785363F0875A1B74E27b85FD66c7",
        "decimals": 18,
        "symbol": "WAVAX",
        "logoURI": "https://raw.githubusercontent.com/traderjoe-xyz/joe-tokenlists/main/logos/0xd00ae08403B9bbb9124bB305C09058E32C39A48c/logo.png"
      },
      "tokenY": {
        "chainId": 43114,
        "address": "0x9702230A8Ea53601f5cD2dc00fDBc13d4dF4A8c7",
        "decimals": 6,
        "symbol": "USDT",
        "logoURI": "https://raw.githubusercontent.com/traderjoe-xyz/joe-tokenlists/main/logos/0x9702230A8Ea53601f5cD2dc00fDBc13d4dF4A8c7/logo.png"
      }
    },
    {
      "chainId": 43114,
      "name": "JOE-AVAX",
      "tokenX": {
        "chainId": 43114,
        "address": "0x6e84a6216eA6dACC71eE8E6b0a5B7322EEbC0fDd",
        "decimals": 18,
        "symbol": "JOE",
        "logoURI": "https://raw.githubusercontent.com/traderjoe-xyz/joe-tokenlists/main/logos/0x6e84a6216eA6dACC71eE8E6b0a5B7322EEbC0fDd/logo.png"
      },
      "tokenY": {
        "chainId": 43114,
        "address": "0xB31f66AA3C1e785363F0875A1B74E27b85FD66c7",
        "decimals": 18,
        "symbol": "WAVAX",
        "logoURI": "https://raw.githubusercontent.com/traderjoe-xyz/joe-tokenlists/main/logos/0xd00ae08403B9bbb9124bB305C09058E32C39A48c/logo.png"
      }
    },
    {
      "chainId": 43114,
      "name": "BTC.b-USDC",
      "tokenX": {
        "chainId": 43114,
        "address": "0x152b9d0FdC40C096757F570A51E494bd4b943E50",
        "decimals": 8,
        "symbol": "BTC.b",
        "logoURI": "https://raw.githubusercontent.com/traderjoe-xyz/joe-tokenlists/main/logos/0x152b9d0FdC40C096757F570A51E494bd4b943E50/logo.png"
      },
      "tokenY": {
        "chainId": 43114,
        "address": "0xB97EF9Ef8734C71904D8002F8b6Bc66Dd9c48a6E",
        "decimals": 6,
        "symbol": "USDC",
        "logoURI": "https://raw.githubusercontent.com/traderjoe-xyz/joe-tokenlists/main/logos/0xB97EF9Ef8734C71904D8002F8b6Bc66Dd9c48a6E/logo.png"
      }
    },
    {
      "chainId": 43114,
      "name": "EURC-USDC",
      "tokenX": {
        "chainId": 43114,
        "address": "0xC891EB4cbdEFf6e073e859e987815Ed1505c2ACD",
        "decimals": 6,
        "symbol": "EURC",
        "logoURI": "https://raw.githubusercontent.com/traderjoe-xyz/joe-tokenlists/main/logos/0xC891EB4cbdEFf6e073e859e987815Ed1505c2ACD/logo.png"
      },
      "tokenY": {
        "chainId": 43114,
        "address": "0xB97EF9Ef8734C71904D8002F8b6Bc66Dd9c48a6E",
        "decimals": 6,
        "symbol": "USDC",
        "logoURI": "https://raw.githubusercontent.com/traderjoe-xyz/joe-tokenlists/main/logos/0xB97EF9Ef8734C71904D8002F8b6Bc66Dd9c48a6E/logo.png"
      }
    },
    {
      "chainId": 43114,
      "name": "WETH.e-USDC",
      "tokenX": {
        "chainId": 43114,
        "address": "0x49D5c2BdFfac6CE2BFdB6640F4F80f226bc10bAB",
        "decimals": 18,
        "symbol": "WETH.e",
        "logoURI": "https://raw.githubusercontent.com/traderjoe-xyz/joe-tokenlists/main/logos/0x49D5c2BdFfac6CE2BFdB6640F4F80f226bc10bAB/logo.png"
      },
      "tokenY": {
        "chainId": 43114,
        "address": "0xB97EF9Ef8734C71904D8002F8b6Bc66Dd9c48a6E",
        "decimals": 6,
        "symbol": "USDC",
        "logoURI": "https://raw.githubusercontent.com/traderjoe-xyz/joe-tokenlists/main/logos/0xB97EF9Ef8734C71904D8002F8b6Bc66Dd9c48a6E/logo.png"
      }
    },
    {
      "chainId": 42161,
      "name": "ETH-USDC",
      "tokenX": {
        "chainId": 42161,
        "address": "0x82aF49447D8a07e3bd95BD0d56f35241523fBab1",
        "decimals": 18,
        "symbol": "WETH",
        "logoURI": "https://raw.githubusercontent.com/traderjoe-xyz/joe-tokenlists/main/logos/0x82aF49447D8a07e3bd95BD0d56f35241523fBab1/logo.png"
      },
      "tokenY": {
        "chainId": 42161,
        "address": "0xaf88d065e77c8cC2239327C5EDb3A432268e5831",
        "decimals": 6,
        "symbol": "USDC",
        "logoURI": "https://raw.githubusercontent.com/traderjoe-xyz/joe-tokenlists/main/logos/0xaf88d065e77c8cC2239327C5EDb3A432268e5831/logo.png"
      }
    },
    {
      "chainId": 42161,
      "name": "ARB-ETH",
      "tokenX": {
        "chainId": 42161,
        "address": "0x912CE59144191C1204E64559FE8253a0e49E6548",
        "decimals": 18,
        "symbol": "ARB",
        "logoURI": "https://raw.githubusercontent.com/traderjoe-xyz/joe-tokenlists/main/logos/0x912CE59144191C1204E64559FE8253a0e49E6548/logo.png"
      },
      "tokenY": {
        "chainId": 42161,
        "address": "0x82aF49447D8a07e3bd95BD0d56f35241523fBab1",
        "decimals": 18,
        "symbol": "WETH",
        "logoURI": "https://raw.githubusercontent.com/traderjoe-xyz/joe-tokenlists/main/logos/0x82aF49447D8a07e3bd95BD0d56f35241523fBab1/logo.png"
      }
    },
    {
      "chainId": 42161,
      "name": "ETH-USDT",
      "tokenX": {
        "chainId": 42161,
        "address": "0x82aF49447D8a07e3bd95BD0d56f35241523fBab1",
        "decimals": 18,
        "symbol": "WETH",
        "logoURI": "https://raw.githubusercontent.com/traderjoe-xyz/joe-tokenlists/main/logos/0x82aF49447D8a07e3bd95BD0d56f35241523fBab1/logo.png"
      },
      "tokenY": {
        "chainId": 42161,
        "address": "0xFd086bC7CD5C481DCC9C85ebE478A1C0b69FCbb9",
        "decimals": 6,
        "symbol": "USDT",
        "logoURI": "https://raw.githubusercontent.com/traderjoe-xyz/joe-tokenlists/main/logos/0xFd086bC7CD5C481DCC9C85ebE478A1C0b69FCbb9/logo.png"
      }
    },
    {
      "chainId": 42161,
      "name": "JOE-ETH",
      "tokenX": {
        "chainId": 42161,
        "address": "0x371c7ec6D8039ff7933a2AA28EB827Ffe1F52f07",
        "decimals": 18,
        "symbol": "JOE",
        "logoURI": "https://raw.githubusercontent.com/traderjoe-xyz/joe-tokenlists/main/logos/0x371c7ec6D8039ff7933a2AA28EB827Ffe1F52f07/logo.png"
      },
      "tokenY": {
        "chainId": 42161,
        "address": "0x82aF49447D8a07e3bd95BD0d56f35241523fBab1",
        "decimals": 18,
        "symbol": "WETH",
        "logoURI": "https://raw.githubusercontent.com/traderjoe-xyz/joe-tokenlists/main/logos/0x82aF49447D8a07e3bd95BD0d56f35241523fBab1/logo.png"
      }
    },
    {
      "chainId": 42161,
      "name": "GMX-ETH",
      "tokenX": {
        "chainId": 42161,
        "address": "0xfc5A1A6EB076a2C7aD06eD22C90d7E710E35ad0a",
        "decimals": 18,
        "symbol": "GMX",
        "logoURI": "https://raw.githubusercontent.com/traderjoe-xyz/joe-tokenlists/main/logos/0xfc5A1A6EB076a2C7aD06eD22C90d7E710E35ad0a/logo.png"
      },
      "tokenY": {
        "chainId": 42161,
        "address": "0x82aF49447D8a07e3bd95BD0d56f35241523fBab1",
        "decimals": 18,
        "symbol": "WETH",
        "logoURI": "https://raw.githubusercontent.com/traderjoe-xyz/joe-tokenlists/main/logos/0x82aF49447D8a07e3bd95BD0d56f35241523fBab1/logo.png"
      }
    },
    {
      "chainId": 42161,
      "name": "WOO-ETH",
      "tokenX": {
        "chainId": 42161,
        "address": "0xcAFcD85D8ca7Ad1e1C6F82F651fA15E33AEfD07b",
        "decimals": 18,
        "symbol": "WOO",
        "logoURI": "https://raw.githubusercontent.com/traderjoe-xyz/joe-tokenlists/main/logos/0xcAFcD85D8ca7Ad1e1C6F82F651fA15E33AEfD07b/logo.png"
      },
      "tokenY": {
        "chainId": 42161,
        "address": "0x82aF49447D8a07e3bd95BD0d56f35241523fBab1",
        "decimals": 18,
        "symbol": "WETH",
        "logoURI": "https://raw.githubusercontent.com/traderjoe-xyz/joe-tokenlists/main/logos/0x82aF49447D8a07e3bd95BD0d56f35241523fBab1/logo.png"
      }
    }
  ]
}
